{
  "getAllUserGrants" : {
    "transaction" : "getAllUserGrants",
    "sampleCount" : 60,
    "errorCount" : 0,
    "errorPct" : 0.0,
    "meanResTime" : 43943.833333333336,
    "medianResTime" : 55985.5,
    "minResTime" : 4324.0,
    "maxResTime" : 60026.0,
    "pct1ResTime" : 59388.8,
    "pct2ResTime" : 59718.25,
    "pct3ResTime" : 60026.0,
    "throughput" : 0.5248287746122827,
    "receivedKBytesPerSec" : 2.9650604810493078,
    "sentKBytesPerSec" : 1.365374858952267
  },
  "Total" : {
    "transaction" : "Total",
    "sampleCount" : 300,
    "errorCount" : 0,
    "errorPct" : 0.0,
    "meanResTime" : 22336.086666666673,
    "medianResTime" : 5112.5,
    "minResTime" : 248.0,
    "maxResTime" : 79371.0,
    "pct1ResTime" : 65850.90000000001,
    "pct2ResTime" : 70341.45,
    "pct3ResTime" : 75191.55,
    "throughput" : 2.0969489392933283,
    "receivedKBytesPerSec" : 1267.930831538549,
    "sentKBytesPerSec" : 5.465173173033237
  },
  "getAllModules" : {
    "transaction" : "getAllModules",
    "sampleCount" : 60,
    "errorCount" : 0,
    "errorPct" : 0.0,
    "meanResTime" : 59889.23333333334,
    "medianResTime" : 65730.5,
    "minResTime" : 22251.0,
    "maxResTime" : 79371.0,
    "pct1ResTime" : 73535.4,
    "pct2ResTime" : 75181.75,
    "pct3ResTime" : 79371.0,
    "throughput" : 0.7559436066069471,
    "receivedKBytesPerSec" : 2240.317634609146,
    "sentKBytesPerSec" : 1.9540846940318253
  },
  "getNavigations" : {
    "transaction" : "getNavigations",
    "sampleCount" : 60,
    "errorCount" : 0,
    "errorPct" : 0.0,
    "meanResTime" : 809.8833333333336,
    "medianResTime" : 642.0,
    "minResTime" : 248.0,
    "maxResTime" : 3014.0,
    "pct1ResTime" : 1274.3,
    "pct2ResTime" : 1723.9499999999996,
    "pct3ResTime" : 3014.0,
    "throughput" : 0.5744265308467047,
    "receivedKBytesPerSec" : 21.633778254604987,
    "sentKBytesPerSec" : 1.4916017046107304
  },
  "getAllRolesAndGrades" : {
    "transaction" : "getAllRolesAndGrades",
    "sampleCount" : 60,
    "errorCount" : 0,
    "errorPct" : 0.0,
    "meanResTime" : 2007.7333333333333,
    "medianResTime" : 1969.5,
    "minResTime" : 304.0,
    "maxResTime" : 18623.0,
    "pct1ResTime" : 2826.8,
    "pct2ResTime" : 3095.65,
    "pct3ResTime" : 18623.0,
    "throughput" : 0.9892338383921653,
    "receivedKBytesPerSec" : 9.356793202726989,
    "sentKBytesPerSec" : 2.5928746310982147
  },
  "getProjectNavs" : {
    "transaction" : "getProjectNavs",
    "sampleCount" : 60,
    "errorCount" : 0,
    "errorPct" : 0.0,
    "meanResTime" : 5029.749999999999,
    "medianResTime" : 5141.0,
    "minResTime" : 783.0,
    "maxResTime" : 9293.0,
    "pct1ResTime" : 8050.9,
    "pct2ResTime" : 8190.9,
    "pct3ResTime" : 9293.0,
    "throughput" : 0.5831130461825532,
    "receivedKBytesPerSec" : 4.024353169705334,
    "sentKBytesPerSec" : 1.5318106388975277
  }
}